{
  "project_info": {
    "project_number": "343499597811",
    "firebase_url": "https://techshiksha-45f4d.firebaseio.com",
    "project_id": "techshiksha-45f4d",
    "storage_bucket": "techshiksha-45f4d.appspot.com"
  },
  "client": [
    {
      "client_info": {
        "mobilesdk_app_id": "1:343499597811:android:d092ceebe878ad76",
        "android_client_info": {
          "package_name": "com.example.techshikshastudent"
        }
      },
      "oauth_client": [
        {
          "client_id": "343499597811-4luf2n7ive264psgkahor7d4f5rl8baa.apps.googleusercontent.com",
          "client_type": 3
        }
      ],
      "api_key": [
        {
          "current_key": "AIzaSyB-tA66jau4WLxESNH6T3ZnvONmKoVGFDE"
        }
      ],
      "services": {
        "analytics_service": {
          "status": 1
        },
        "appinvite_service": {
          "status": 1,
          "other_platform_oauth_client": []
        },
        "ads_service": {
          "status": 2
        }
      }
    }
  ],
  "configuration_version": "1"
}